-- phpMyAdmin SQL Dump
-- version 5.2.1
-- https://www.phpmyadmin.net/
--
-- Servidor: 127.0.0.1
-- Tiempo de generación: 19-02-2026 a las 14:37:14
-- Versión del servidor: 10.4.32-MariaDB
-- Versión de PHP: 8.0.30

SET SQL_MODE = "NO_AUTO_VALUE_ON_ZERO";
START TRANSACTION;
SET time_zone = "+00:00";


/*!40101 SET @OLD_CHARACTER_SET_CLIENT=@@CHARACTER_SET_CLIENT */;
/*!40101 SET @OLD_CHARACTER_SET_RESULTS=@@CHARACTER_SET_RESULTS */;
/*!40101 SET @OLD_COLLATION_CONNECTION=@@COLLATION_CONNECTION */;
/*!40101 SET NAMES utf8mb4 */;

--
-- Base de datos: `tienda_online`
--

-- --------------------------------------------------------

--
-- Estructura de tabla para la tabla `clientes`
--

CREATE TABLE `clientes` (
  `id_cliente` int(11) NOT NULL,
  `nombre` varchar(30) NOT NULL
) ENGINE=InnoDB DEFAULT CHARSET=utf8mb4 COLLATE=utf8mb4_general_ci;

--
-- Volcado de datos para la tabla `clientes`
--

INSERT INTO `clientes` (`id_cliente`, `nombre`) VALUES
(1, 'Juan Perez'),
(2, 'Maria Torres'),
(3, 'Luis Juarez'),
(4, 'Esteban Rocha');

-- --------------------------------------------------------

--
-- Estructura de tabla para la tabla `detallepedido`
--

CREATE TABLE `detallepedido` (
  `id_pedido` int(11) NOT NULL,
  `id_producto` int(11) NOT NULL,
  `cantidad` int(11) NOT NULL
) ENGINE=InnoDB DEFAULT CHARSET=utf8mb4 COLLATE=utf8mb4_general_ci;

--
-- Volcado de datos para la tabla `detallepedido`
--

INSERT INTO `detallepedido` (`id_pedido`, `id_producto`, `cantidad`) VALUES
(1, 2, 10),
(1, 4, 50),
(2, 1, 10),
(2, 3, 5),
(2, 3, 8),
(3, 4, 30),
(4, 3, 5),
(4, 2, 10),
(3, 4, 23),
(3, 4, 23),
(3, 3, 343),
(3, 3, 343);

-- --------------------------------------------------------

--
-- Estructura de tabla para la tabla `pedido`
--

CREATE TABLE `pedido` (
  `id_pedido` int(11) NOT NULL,
  `id_cliente` int(11) NOT NULL,
  `fecha` date NOT NULL,
  `total` float NOT NULL DEFAULT 1
) ENGINE=InnoDB DEFAULT CHARSET=utf8mb4 COLLATE=utf8mb4_general_ci;

--
-- Volcado de datos para la tabla `pedido`
--

INSERT INTO `pedido` (`id_pedido`, `id_cliente`, `fecha`, `total`) VALUES
(1, 1, '2026-02-02', 1500.5),
(2, 2, '2026-02-05', 1897.99),
(3, 4, '2026-01-04', 578.5),
(4, 3, '2025-12-08', 1058.65);

-- --------------------------------------------------------

--
-- Estructura de tabla para la tabla `productos`
--

CREATE TABLE `productos` (
  `id_producto` int(11) NOT NULL,
  `nombre` varchar(20) NOT NULL,
  `precio` float NOT NULL DEFAULT 1,
  `cantidad_existente` int(11) NOT NULL DEFAULT 1
) ENGINE=InnoDB DEFAULT CHARSET=utf8mb4 COLLATE=utf8mb4_general_ci;

--
-- Volcado de datos para la tabla `productos`
--

INSERT INTO `productos` (`id_producto`, `nombre`, `precio`, `cantidad_existente`) VALUES
(1, 'leche', 35, 100),
(2, 'azucar', 27, 50),
(3, 'harina', 19.9, 15),
(4, 'galletas', 45, 35),
(5, 'jabon zote', 23.45, 6),
(6, 'Cacahuate', 23.1, 28),
(7, 'Unicornio', 834.5, 0),
(8, 'jabon zote', 23.45, 6),
(9, 'Cacahuate', 23.1, 28),
(10, 'Unicornio', 834.5, 0);

--
-- Índices para tablas volcadas
--

--
-- Indices de la tabla `clientes`
--
ALTER TABLE `clientes`
  ADD PRIMARY KEY (`id_cliente`);

--
-- Indices de la tabla `detallepedido`
--
ALTER TABLE `detallepedido`
  ADD KEY `id_pedido` (`id_pedido`,`id_producto`),
  ADD KEY `id_producto` (`id_producto`);

--
-- Indices de la tabla `pedido`
--
ALTER TABLE `pedido`
  ADD PRIMARY KEY (`id_pedido`),
  ADD KEY `id_cliente` (`id_cliente`);

--
-- Indices de la tabla `productos`
--
ALTER TABLE `productos`
  ADD PRIMARY KEY (`id_producto`);

--
-- AUTO_INCREMENT de las tablas volcadas
--

--
-- AUTO_INCREMENT de la tabla `clientes`
--
ALTER TABLE `clientes`
  MODIFY `id_cliente` int(11) NOT NULL AUTO_INCREMENT, AUTO_INCREMENT=5;

--
-- AUTO_INCREMENT de la tabla `pedido`
--
ALTER TABLE `pedido`
  MODIFY `id_pedido` int(11) NOT NULL AUTO_INCREMENT, AUTO_INCREMENT=5;

--
-- AUTO_INCREMENT de la tabla `productos`
--
ALTER TABLE `productos`
  MODIFY `id_producto` int(11) NOT NULL AUTO_INCREMENT, AUTO_INCREMENT=11;

--
-- Restricciones para tablas volcadas
--

--
-- Filtros para la tabla `detallepedido`
--
ALTER TABLE `detallepedido`
  ADD CONSTRAINT `detallepedido_ibfk_1` FOREIGN KEY (`id_producto`) REFERENCES `productos` (`id_producto`),
  ADD CONSTRAINT `detallepedido_ibfk_2` FOREIGN KEY (`id_pedido`) REFERENCES `pedido` (`id_pedido`);

--
-- Filtros para la tabla `pedido`
--
ALTER TABLE `pedido`
  ADD CONSTRAINT `pedido_ibfk_1` FOREIGN KEY (`id_cliente`) REFERENCES `clientes` (`id_cliente`);
COMMIT;

/*!40101 SET CHARACTER_SET_CLIENT=@OLD_CHARACTER_SET_CLIENT */;
/*!40101 SET CHARACTER_SET_RESULTS=@OLD_CHARACTER_SET_RESULTS */;
/*!40101 SET COLLATION_CONNECTION=@OLD_COLLATION_CONNECTION */;
